"module name","license","repository"
"@angular-devkit/architect@0.8.9","MIT","https://github.com/angular/angular-cli"
"@angular-devkit/build-angular@0.8.9","MIT","https://github.com/angular/angular-cli"
"@angular-devkit/build-optimizer@0.8.9","MIT","https://github.com/angular/angular-cli"
"@angular-devkit/build-webpack@0.8.9","MIT","https://github.com/angular/angular-cli"
"@angular-devkit/core@0.8.9","MIT","https://github.com/angular/angular-cli"
"@angular-devkit/schematics@0.8.9","MIT","https://github.com/angular/angular-cli"
"@angular/animations@6.1.10","MIT","https://github.com/angular/angular"
"@angular/cli@6.2.9","MIT","https://github.com/angular/angular-cli"
"@angular/common@6.1.10","MIT","https://github.com/angular/angular"
"@angular/compiler-cli@6.1.10","MIT","https://github.com/angular/angular"
"@angular/compiler@6.1.10","MIT","https://github.com/angular/angular"
"@angular/core@6.1.10","MIT","https://github.com/angular/angular"
"@angular/forms@6.1.10","MIT","https://github.com/angular/angular"
"@angular/http@6.1.10","MIT","https://github.com/angular/angular"
"@angular/language-service@6.1.10","MIT","https://github.com/angular/angular"
"@angular/platform-browser-dynamic@6.1.10","MIT","https://github.com/angular/angular"
"@angular/platform-browser@6.1.10","MIT","https://github.com/angular/angular"
"@angular/router@6.1.10","MIT","https://github.com/angular/angular"
"@ngtools/webpack@6.2.9","MIT","https://github.com/angular/angular-cli"
"@schematics/angular@0.8.9","MIT","https://github.com/angular/angular-cli"
"@schematics/update@0.8.9","MIT","https://github.com/angular/angular-cli"
"@types/bootstrap@4.1.2","MIT","https://github.com/DefinitelyTyped/DefinitelyTyped"
"@types/jasmine@2.8.9","MIT","https://github.com/DefinitelyTyped/DefinitelyTyped"
"@types/jasminewd2@2.0.5","MIT","https://github.com/DefinitelyTyped/DefinitelyTyped"
"@types/jquery@3.3.22","MIT","https://github.com/DefinitelyTyped/DefinitelyTyped"
"@types/jqueryui@1.12.6","MIT","https://github.com/DefinitelyTyped/DefinitelyTyped"
"@types/node@6.0.118","MIT","https://github.com/DefinitelyTyped/DefinitelyTyped"
"@types/q@0.0.32","MIT","https://github.com/DefinitelyTyped/DefinitelyTyped"
"@types/selenium-webdriver@2.53.43","MIT","https://github.com/DefinitelyTyped/DefinitelyTyped"
"@types/sizzle@2.3.2","MIT","https://github.com/DefinitelyTyped/DefinitelyTyped"
"@types/sjcl@1.0.28","MIT","https://github.com/DefinitelyTyped/DefinitelyTyped"
"@types/strip-bom@3.0.0","MIT","https://github.com/DefinitelyTyped/DefinitelyTyped"
"@types/strip-json-comments@0.0.30","MIT","https://github.com/DefinitelyTyped/DefinitelyTyped"
"@webassemblyjs/ast@1.5.13","MIT","https://github.com/xtuc/webassemblyjs"
"@webassemblyjs/floating-point-hex-parser@1.5.13","MIT","https://github.com/xtuc/webassemblyjs"
"@webassemblyjs/helper-api-error@1.5.13","MIT",""
"@webassemblyjs/helper-buffer@1.5.13","MIT","https://github.com/xtuc/webassemblyjs"
"@webassemblyjs/helper-code-frame@1.5.13","MIT","https://github.com/xtuc/webassemblyjs"
"@webassemblyjs/helper-fsm@1.5.13","ISC",""
"@webassemblyjs/helper-module-context@1.5.13","MIT","https://github.com/xtuc/webassemblyjs"
"@webassemblyjs/helper-wasm-bytecode@1.5.13","MIT","https://github.com/xtuc/webassemblyjs"
"@webassemblyjs/helper-wasm-section@1.5.13","MIT","https://github.com/xtuc/webassemblyjs"
"@webassemblyjs/ieee754@1.5.13","MIT",""
"@webassemblyjs/leb128@1.5.13","MIT",""
"@webassemblyjs/utf8@1.5.13","MIT","https://github.com/xtuc/webassemblyjs"
"@webassemblyjs/wasm-edit@1.5.13","MIT","https://github.com/xtuc/webassemblyjs"
"@webassemblyjs/wasm-gen@1.5.13","MIT","https://github.com/xtuc/webassemblyjs"
"@webassemblyjs/wasm-opt@1.5.13","MIT","https://github.com/xtuc/webassemblyjs"
"@webassemblyjs/wasm-parser@1.5.13","MIT","https://github.com/xtuc/webassemblyjs"
"@webassemblyjs/wast-parser@1.5.13","MIT","https://github.com/xtuc/webassemblyjs"
"@webassemblyjs/wast-printer@1.5.13","MIT","https://github.com/xtuc/webassemblyjs"
"@yarnpkg/lockfile@1.1.0","BSD-2-Clause","https://github.com/yarnpkg/yarn/blob/master/packages/lockfile"
"JSONStream@1.3.5","(MIT OR Apache-2.0)","https://github.com/dominictarr/JSONStream"
"abbrev@1.0.9","ISC","https://github.com/isaacs/abbrev-js"
"accepts@1.3.7","MIT","https://github.com/jshttp/accepts"
"acorn-dynamic-import@3.0.0","MIT","https://github.com/kesne/acorn-dynamic-import"
"acorn@5.7.3","MIT","https://github.com/acornjs/acorn"
"addressparser@1.0.1","MIT","https://github.com/andris9/addressparser"
"adm-zip@0.4.7","MIT","https://github.com/cthackers/adm-zip"
"after@0.8.2","MIT","https://github.com/Raynos/after"
"ag-grid-angular@21.2.1","MIT","https://github.com/ag-grid/ag-grid-angular"
"ag-grid-community@21.2.1","MIT","https://github.com/ag-grid/ag-grid"
"agent-base@2.1.1","MIT","https://github.com/TooTallNate/node-agent-base"
"agentkeepalive@3.5.2","MIT","https://github.com/node-modules/agentkeepalive"
"ajv-errors@1.0.1","MIT","https://github.com/epoberezkin/ajv-errors"
"ajv-keywords@3.4.1","MIT","https://github.com/epoberezkin/ajv-keywords"
"ajv@6.4.0","MIT","https://github.com/epoberezkin/ajv"
"amdefine@1.0.1","BSD-3-Clause OR MIT","https://github.com/jrburke/amdefine"
"amqplib@0.5.5","MIT","https://github.com/squaremo/amqp.node"
"ansi-colors@3.2.4","MIT","https://github.com/doowb/ansi-colors"
"ansi-html@0.0.7","Apache-2.0","https://github.com/Tjatse/ansi-html"
"ansi-regex@2.1.1","MIT","https://github.com/chalk/ansi-regex"
"ansi-styles@3.2.0","MIT","https://github.com/chalk/ansi-styles"
"ansicolors@0.2.1","MIT","https://github.com/thlorenz/ansicolors"
"anymatch@1.3.2","ISC","https://github.com/es128/anymatch"
"app-root-path@2.1.0","MIT","https://github.com/inxilpro/node-app-root-path"
"append-transform@0.4.0","MIT","https://github.com/jamestalmage/append-transform"
"aproba@1.2.0","ISC","https://github.com/iarna/aproba"
"are-we-there-yet@1.1.5","ISC","https://github.com/iarna/are-we-there-yet"
"argparse@1.0.10","MIT","https://github.com/nodeca/argparse"
"arr-diff@2.0.0","MIT","https://github.com/jonschlinkert/arr-diff"
"arr-flatten@1.1.0","MIT","https://github.com/jonschlinkert/arr-flatten"
"arr-union@3.1.0","MIT","https://github.com/jonschlinkert/arr-union"
"array-find-index@1.0.2","MIT","https://github.com/sindresorhus/array-find-index"
"array-flatten@2.1.2","MIT","https://github.com/blakeembrey/array-flatten"
"array-slice@0.2.3","MIT","https://github.com/jonschlinkert/array-slice"
"array-union@1.0.2","MIT","https://github.com/sindresorhus/array-union"
"array-uniq@1.0.3","MIT","https://github.com/sindresorhus/array-uniq"
"array-unique@0.2.1","MIT","https://github.com/jonschlinkert/array-unique"
"arraybuffer.slice@0.0.7","MIT","https://github.com/rase-/arraybuffer.slice"
"arrify@1.0.1","MIT","https://github.com/sindresorhus/arrify"
"asap@2.0.6","MIT","https://github.com/kriskowal/asap"
"asn1.js@4.10.1","MIT","https://github.com/indutny/asn1.js"
"asn1@0.2.3","MIT","https://github.com/mcavage/node-asn1"
"assert-plus@0.2.0","MIT","https://github.com/mcavage/node-assert-plus"
"assert@1.5.0","MIT","https://github.com/browserify/commonjs-assert"
"assign-symbols@1.0.0","MIT","https://github.com/jonschlinkert/assign-symbols"
"ast-types@0.13.2","MIT","https://github.com/benjamn/ast-types"
"async-each@1.0.1","MIT","https://github.com/paulmillr/async-each"
"async-foreach@0.1.3","MIT*","https://github.com/cowboy/javascript-sync-async-foreach"
"async-limiter@1.0.1","MIT","https://github.com/strml/async-limiter"
"async@2.6.0","MIT","https://github.com/caolan/async"
"asynckit@0.4.0","MIT","https://github.com/alexindigo/asynckit"
"atob@2.1.1","(MIT OR Apache-2.0)","git://git.coolaj86.com/coolaj86/atob.js"
"autoprefixer@8.6.5","MIT","https://github.com/postcss/autoprefixer"
"aws-sign2@0.6.0","Apache-2.0","https://github.com/mikeal/aws-sign"
"aws4@1.6.0","MIT","https://github.com/mhart/aws4"
"axios@0.15.3","MIT","https://github.com/mzabriskie/axios"
"babel-code-frame@6.26.0","MIT","https://github.com/babel/babel/tree/master/packages/babel-code-frame"
"babel-generator@6.26.1","MIT","https://github.com/babel/babel/tree/master/packages/babel-generator"
"babel-messages@6.23.0","MIT","https://github.com/babel/babel/tree/master/packages/babel-messages"
"babel-runtime@6.26.0","MIT","https://github.com/babel/babel/tree/master/packages/babel-runtime"
"babel-template@6.26.0","MIT","https://github.com/babel/babel/tree/master/packages/babel-template"
"babel-traverse@6.26.0","MIT","https://github.com/babel/babel/tree/master/packages/babel-traverse"
"babel-types@6.26.0","MIT","https://github.com/babel/babel/tree/master/packages/babel-types"
"babylon@6.18.0","MIT","https://github.com/babel/babylon"
"backo2@1.0.2","MIT","https://github.com/mokesmokes/backo"
"balanced-match@1.0.0","MIT","https://github.com/juliangruber/balanced-match"
"base64-arraybuffer@0.1.5","MIT","https://github.com/niklasvh/base64-arraybuffer"
"base64-js@1.3.1","MIT","https://github.com/beatgammit/base64-js"
"base64id@1.0.0","MIT","https://github.com/faeldt/base64id"
"base@0.11.2","MIT","https://github.com/node-base/base"
"batch@0.6.1","MIT","https://github.com/visionmedia/batch"
"bcrypt-pbkdf@1.0.1","BSD-3-Clause",""
"better-assert@1.0.2","MIT*","https://github.com/visionmedia/better-assert"
"big.js@3.2.0","MIT","https://github.com/MikeMcl/big.js"
"binary-extensions@1.11.0","MIT","https://github.com/sindresorhus/binary-extensions"
"bitsyntax@0.1.0","MIT","https://github.com/squaremo/bitsyntax-js"
"bl@1.1.2","MIT","https://github.com/rvagg/bl"
"blob@0.0.5","MIT","https://github.com/webmodules/blob"
"block-stream@0.0.9","ISC","https://github.com/isaacs/block-stream"
"blocking-proxy@0.0.5","MIT","https://github.com/angular/jasminewd"
"bluebird@3.5.1","MIT","https://github.com/petkaantonov/bluebird"
"bn.js@4.11.8","MIT","https://github.com/indutny/bn.js"
"body-parser@1.19.0","MIT","https://github.com/expressjs/body-parser"
"bonjour@3.5.0","MIT","https://github.com/watson/bonjour"
"boolbase@1.0.0","ISC","https://github.com/fb55/boolbase"
"boom@2.10.1","BSD-3-Clause","https://github.com/hapijs/boom"
"bootstrap-select@1.13.3","MIT","https://github.com/snapappointments/bootstrap-select"
"bootstrap@3.3.7","MIT","https://github.com/twbs/bootstrap"
"brace-expansion@1.1.11","MIT","https://github.com/juliangruber/brace-expansion"
"braces@1.8.5","MIT","https://github.com/jonschlinkert/braces"
"brorand@1.1.0","MIT","https://github.com/indutny/brorand"
"browserify-aes@1.2.0","MIT","https://github.com/crypto-browserify/browserify-aes"
"browserify-cipher@1.0.1","MIT","https://github.com/crypto-browserify/browserify-cipher"
"browserify-des@1.0.2","MIT","https://github.com/crypto-browserify/browserify-des"
"browserify-rsa@4.0.1","MIT","https://github.com/crypto-browserify/browserify-rsa"
"browserify-sign@4.0.4","ISC","https://github.com/crypto-browserify/browserify-sign"
"browserify-zlib@0.2.0","MIT","https://github.com/devongovett/browserify-zlib"
"browserslist@3.2.8","MIT","https://github.com/browserslist/browserslist"
"buffer-alloc-unsafe@1.1.0","MIT","https://github.com/LinusU/buffer-alloc-unsafe"
"buffer-alloc@1.2.0","MIT","https://github.com/LinusU/buffer-alloc"
"buffer-fill@1.0.0","MIT","https://github.com/LinusU/buffer-fill"
"buffer-from@1.0.0","MIT","https://github.com/LinusU/buffer-from"
"buffer-indexof@1.1.1","MIT","https://github.com/soldair/node-buffer-indexof"
"buffer-more-ints@1.0.0","MIT","https://github.com/dpw/node-buffer-more-ints"
"buffer-xor@1.0.3","MIT","https://github.com/crypto-browserify/buffer-xor"
"buffer@4.9.2","MIT","https://github.com/feross/buffer"
"buildmail@4.0.1","MIT","https://github.com/andris9/buildmail"
"builtin-modules@1.1.1","MIT","https://github.com/sindresorhus/builtin-modules"
"builtin-status-codes@3.0.0","MIT","https://github.com/bendrucker/builtin-status-codes"
"builtins@1.0.3","MIT","https://github.com/juliangruber/builtins"
"bytes@3.1.0","MIT","https://github.com/visionmedia/bytes.js"
"cacache@11.3.3","ISC","https://github.com/zkat/cacache"
"cache-base@1.0.1","MIT","https://github.com/jonschlinkert/cache-base"
"caller-callsite@2.0.0","MIT","https://github.com/sindresorhus/caller-callsite"
"caller-path@2.0.0","MIT","https://github.com/sindresorhus/caller-path"
"callsite@1.0.0","MIT*",""
"callsites@2.0.0","MIT","https://github.com/sindresorhus/callsites"
"camel-case@3.0.0","MIT","https://github.com/blakeembrey/camel-case"
"camelcase-keys@2.1.0","MIT","https://github.com/sindresorhus/camelcase-keys"
"camelcase@4.1.0","MIT","https://github.com/sindresorhus/camelcase"
"caniuse-lite@1.0.30001011","CC-BY-4.0","https://github.com/ben-eb/caniuse-lite"
"cardinal@1.0.0","MIT","https://github.com/thlorenz/cardinal"
"caseless@0.12.0","Apache-2.0","https://github.com/mikeal/caseless"
"chalk@1.1.3","MIT","https://github.com/chalk/chalk"
"chart.js@2.7.3","MIT","https://github.com/chartjs/Chart.js"
"chartjs-color-string@0.5.0","MIT","https://github.com/chartjs/chartjs-color-string"
"chartjs-color@2.2.0","MIT","https://github.com/chartjs/chartjs-color"
"chokidar@1.7.0","MIT","https://github.com/paulmillr/chokidar"
"chownr@1.1.3","ISC","https://github.com/isaacs/chownr"
"chrome-trace-event@1.0.2","MIT","github.com:samccone/chrome-trace-event"
"cipher-base@1.0.4","MIT","https://github.com/crypto-browserify/cipher-base"
"circular-dependency-plugin@5.0.2","ISC","https://github.com/aackerman/circular-dependency-plugin"
"circular-json@0.5.9","MIT","https://github.com/WebReflection/circular-json"
"class-utils@0.3.6","MIT","https://github.com/jonschlinkert/class-utils"
"clean-css@4.2.1","MIT","https://github.com/jakubpawlowicz/clean-css"
"cliui@3.2.0","ISC","https://github.com/yargs/cliui"
"clone-deep@2.0.2","MIT","https://github.com/jonschlinkert/clone-deep"
"clone@2.1.2","MIT","https://github.com/pvorb/node-clone"
"co@4.6.0","MIT","https://github.com/tj/co"
"code-point-at@1.1.0","MIT","https://github.com/sindresorhus/code-point-at"
"codelyzer@4.5.0","MIT","https://github.com/mgechev/codelyzer"
"collection-visit@1.0.0","MIT","https://github.com/jonschlinkert/collection-visit"
"color-convert@1.9.1","MIT","https://github.com/Qix-/color-convert"
"color-name@1.1.3","MIT","https://github.com/dfcreative/color-name"
"colors@1.1.2","MIT","https://github.com/Marak/colors.js"
"combine-lists@1.0.1","MIT","https://github.com/sjelin/combine-lists"
"combined-stream@1.0.6","MIT","https://github.com/felixge/node-combined-stream"
"commander@2.14.1","MIT","https://github.com/tj/commander.js"
"commondir@1.0.1","MIT","https://github.com/substack/node-commondir"
"component-bind@1.0.0","MIT*","https://github.com/component/bind"
"component-emitter@1.2.1","MIT","https://github.com/component/emitter"
"component-inherit@0.0.3","MIT*","https://github.com/component/inherit"
"compressible@2.0.17","MIT","https://github.com/jshttp/compressible"
"compression@1.7.4","MIT","https://github.com/expressjs/compression"
"concat-map@0.0.1","MIT","https://github.com/substack/node-concat-map"
"concat-stream@1.6.2","MIT","https://github.com/maxogden/concat-stream"
"connect-history-api-fallback@1.6.0","MIT","https://github.com/bripkens/connect-history-api-fallback"
"connect@3.7.0","MIT","https://github.com/senchalabs/connect"
"console-browserify@1.2.0","MIT","https://github.com/browserify/console-browserify"
"console-control-strings@1.1.0","ISC","https://github.com/iarna/console-control-strings"
"constants-browserify@1.0.0","MIT","https://github.com/juliangruber/constants-browserify"
"content-disposition@0.5.3","MIT","https://github.com/jshttp/content-disposition"
"content-type@1.0.4","MIT","https://github.com/jshttp/content-type"
"convert-source-map@1.7.0","MIT","https://github.com/thlorenz/convert-source-map"
"cookie-signature@1.0.6","MIT","https://github.com/visionmedia/node-cookie-signature"
"cookie@0.3.1","MIT","https://github.com/jshttp/cookie"
"copy-concurrently@1.0.5","ISC","https://github.com/npm/copy-concurrently"
"copy-descriptor@0.1.1","MIT","https://github.com/jonschlinkert/copy-descriptor"
"copy-webpack-plugin@4.5.2","MIT","https://github.com/webpack-contrib/copy-webpack-plugin"
"core-js@2.5.7","MIT","https://github.com/zloirock/core-js"
"core-util-is@1.0.2","MIT","https://github.com/isaacs/core-util-is"
"cosmiconfig@5.2.1","MIT","https://github.com/davidtheclark/cosmiconfig"
"create-ecdh@4.0.3","MIT","https://github.com/crypto-browserify/createECDH"
"create-hash@1.2.0","MIT","https://github.com/crypto-browserify/createHash"
"create-hmac@1.1.7","MIT","https://github.com/crypto-browserify/createHmac"
"create-react-class@15.6.3","MIT","https://github.com/facebook/react"
"cross-spawn@3.0.1","MIT","https://github.com/IndigoUnited/node-cross-spawn"
"cryptiles@2.0.5","BSD-3-Clause","https://github.com/hapijs/cryptiles"
"crypto-browserify@3.12.0","MIT","https://github.com/crypto-browserify/crypto-browserify"
"css-parse@1.7.0","MIT","https://github.com/visionmedia/css-parse"
"css-select@1.2.0","BSD*","https://github.com/fb55/css-select"
"css-selector-tokenizer@0.7.0","MIT","https://github.com/css-modules/css-selector-tokenizer"
"css-what@2.1.3","BSD-2-Clause","https://github.com/fb55/css-what"
"cssauron@1.4.0","MIT","https://github.com/chrisdickinson/cssauron"
"cssesc@0.1.0","MIT","https://github.com/mathiasbynens/cssesc"
"csv-parse@2.5.0","BSD-3-Clause","https://github.com/wdavidw/node-csv-parse"
"cuint@0.2.2","MIT","https://github.com/pierrec/js-cuint"
"currently-unhandled@0.4.1","MIT","https://github.com/jamestalmage/currently-unhandled"
"custom-event@1.0.1","MIT","https://github.com/webmodules/custom-event"
"cyclist@1.0.1","MIT","https://github.com/mafintosh/cyclist"
"d3-array@1.2.1","BSD-3-Clause","https://github.com/d3/d3-array"
"d3-axis@1.0.8","BSD-3-Clause","https://github.com/d3/d3-axis"
"d3-brush@1.0.4","BSD-3-Clause","https://github.com/d3/d3-brush"
"d3-chord@1.0.4","BSD-3-Clause","https://github.com/d3/d3-chord"
"d3-collection@1.0.4","BSD-3-Clause","https://github.com/d3/d3-collection"
"d3-color@1.0.3","BSD-3-Clause","https://github.com/d3/d3-color"
"d3-dispatch@1.0.3","BSD-3-Clause","https://github.com/d3/d3-dispatch"
"d3-drag@1.2.1","BSD-3-Clause","https://github.com/d3/d3-drag"
"d3-dsv@1.0.8","BSD-3-Clause","https://github.com/d3/d3-dsv"
"d3-ease@1.0.3","BSD-3-Clause","https://github.com/d3/d3-ease"
"d3-force@1.1.0","BSD-3-Clause","https://github.com/d3/d3-force"
"d3-format@1.2.2","BSD-3-Clause","https://github.com/d3/d3-format"
"d3-geo@1.9.1","BSD-3-Clause","https://github.com/d3/d3-geo"
"d3-hierarchy@1.1.5","BSD-3-Clause","https://github.com/d3/d3-hierarchy"
"d3-interpolate@1.1.6","BSD-3-Clause","https://github.com/d3/d3-interpolate"
"d3-path@1.0.5","BSD-3-Clause","https://github.com/d3/d3-path"
"d3-polygon@1.0.3","BSD-3-Clause","https://github.com/d3/d3-polygon"
"d3-quadtree@1.0.3","BSD-3-Clause","https://github.com/d3/d3-quadtree"
"d3-queue@3.0.7","BSD-3-Clause","https://github.com/d3/d3-queue"
"d3-random@1.1.0","BSD-3-Clause","https://github.com/d3/d3-random"
"d3-request@1.0.6","BSD-3-Clause","https://github.com/d3/d3-request"
"d3-scale@1.0.7","BSD-3-Clause","https://github.com/d3/d3-scale"
"d3-selection@1.3.2","BSD-3-Clause","https://github.com/d3/d3-selection"
"d3-shape@1.2.0","BSD-3-Clause","https://github.com/d3/d3-shape"
"d3-time-format@2.1.1","BSD-3-Clause","https://github.com/d3/d3-time-format"
"d3-time@1.0.8","BSD-3-Clause","https://github.com/d3/d3-time"
"d3-timer@1.0.7","BSD-3-Clause","https://github.com/d3/d3-timer"
"d3-transition@1.1.1","BSD-3-Clause","https://github.com/d3/d3-transition"
"d3-voronoi@1.1.2","BSD-3-Clause","https://github.com/d3/d3-voronoi"
"d3-zoom@1.7.1","BSD-3-Clause","https://github.com/d3/d3-zoom"
"d3@4.13.0","BSD-3-Clause","https://github.com/d3/d3"
"dashdash@1.14.1","MIT","https://github.com/trentm/node-dashdash"
"data-uri-to-buffer@1.2.0","MIT","https://github.com/TooTallNate/node-data-uri-to-buffer"
"date-format@1.2.0","MIT","https://github.com/nomiddlename/date-format"
"debug@2.6.9","MIT","https://github.com/visionmedia/debug"
"decamelize@1.2.0","MIT","https://github.com/sindresorhus/decamelize"
"decode-uri-component@0.2.0","MIT","https://github.com/SamVerschueren/decode-uri-component"
"deep-equal@1.1.1","MIT","https://github.com/substack/node-deep-equal"
"deep-is@0.1.3","MIT","https://github.com/thlorenz/deep-is"
"default-gateway@2.7.2","BSD-2-Clause","https://github.com/silverwind/default-gateway"
"default-require-extensions@1.0.0","MIT","https://github.com/jamestalmage/default-require-extensions"
"define-properties@1.1.3","MIT","https://github.com/ljharb/define-properties"
"define-property@2.0.2","MIT","https://github.com/jonschlinkert/define-property"
"degenerator@1.0.4","MIT","https://github.com/TooTallNate/node-degenerator"
"del@3.0.0","MIT","https://github.com/sindresorhus/del"
"delayed-stream@1.0.0","MIT","https://github.com/felixge/node-delayed-stream"
"delegates@1.0.0","MIT","https://github.com/visionmedia/node-delegates"
"depd@1.1.2","MIT","https://github.com/dougwilson/nodejs-depd"
"des.js@1.0.1","MIT","https://github.com/indutny/des.js"
"destroy@1.0.4","MIT","https://github.com/stream-utils/destroy"
"detect-indent@4.0.0","MIT","https://github.com/sindresorhus/detect-indent"
"detect-node@2.0.4","ISC","https://github.com/iliakan/detect-node"
"di@0.0.1","MIT","https://github.com/vojtajina/node-di"
"diff@3.4.0","BSD-3-Clause","https://github.com/kpdecker/jsdiff"
"diffie-hellman@5.0.3","MIT","https://github.com/crypto-browserify/diffie-hellman"
"dir-glob@2.2.2","MIT","https://github.com/kevva/dir-glob"
"dns-equal@1.0.0","MIT","https://github.com/watson/dns-equal"
"dns-packet@1.3.1","MIT","https://github.com/mafintosh/dns-packet"
"dns-txt@2.0.2","MIT","https://github.com/watson/dns-txt"
"dom-converter@0.2.0","MIT","https://github.com/AriaMinaei/dom-converter"
"dom-serialize@2.2.1","MIT","https://github.com/webmodules/dom-serialize"
"dom-serializer@0.2.2","MIT","https://github.com/cheeriojs/dom-renderer"
"domain-browser@1.2.0","MIT","https://github.com/bevry/domain-browser"
"domelementtype@1.3.1","BSD-2-Clause","https://github.com/fb55/domelementtype"
"domhandler@2.4.2","BSD-2-Clause","https://github.com/fb55/DomHandler"
"domutils@1.5.1","BSD*","https://github.com/FB55/domutils"
"dot@1.1.2","MIT","https://github.com/olado/doT"
"double-ended-queue@2.1.0-0","MIT","https://github.com/petkaantonov/deque"
"duplexify@3.7.1","MIT","https://github.com/mafintosh/duplexify"
"ecc-jsbn@0.1.1","MIT","https://github.com/quartzjer/ecc-jsbn"
"ee-first@1.1.1","MIT","https://github.com/jonathanong/ee-first"
"ejs@2.7.4","Apache-2.0","https://github.com/mde/ejs"
"electron-to-chromium@1.3.309","ISC","https://github.com/kilian/electron-to-chromium"
"elliptic@6.5.1","MIT","https://github.com/indutny/elliptic"
"emojis-list@2.1.0","MIT","https://github.com/kikobeats/emojis-list"
"encodeurl@1.0.2","MIT","https://github.com/pillarjs/encodeurl"
"encoding@0.1.12","MIT","https://github.com/andris9/encoding"
"end-of-stream@1.4.4","MIT","https://github.com/mafintosh/end-of-stream"
"engine.io-client@3.1.6","MIT","https://github.com/socketio/engine.io-client"
"engine.io-parser@2.1.3","MIT","https://github.com/socketio/engine.io-parser"
"engine.io@3.1.5","MIT","https://github.com/socketio/engine.io"
"enhanced-resolve@4.1.1","MIT","https://github.com/webpack/enhanced-resolve"
"ent@2.2.0","MIT","https://github.com/substack/node-ent"
"entities@2.0.0","BSD-2-Clause","https://github.com/fb55/entities"
"err-code@1.1.2","MIT","https://github.com/IndigoUnited/js-err-code"
"errno@0.1.7","MIT","https://github.com/rvagg/node-errno"
"error-ex@1.3.2","MIT","https://github.com/qix-/node-error-ex"
"es-abstract@1.16.0","MIT","https://github.com/ljharb/es-abstract"
"es-to-primitive@1.2.1","MIT","https://github.com/ljharb/es-to-primitive"
"es6-promise@4.2.5","MIT","https://github.com/stefanpenner/es6-promise"
"es6-promisify@5.0.0","MIT","https://github.com/digitaldesignlabs/es6-promisify"
"escape-html@1.0.3","MIT","https://github.com/component/escape-html"
"escape-string-regexp@1.0.5","MIT","https://github.com/sindresorhus/escape-string-regexp"
"escodegen@1.12.0","BSD-2-Clause","https://github.com/estools/escodegen"
"eslint-scope@4.0.3","BSD-2-Clause","https://github.com/eslint/eslint-scope"
"esprima@4.0.0","BSD-2-Clause","https://github.com/jquery/esprima"
"esrecurse@4.2.1","BSD-2-Clause","https://github.com/estools/esrecurse"
"estraverse@4.3.0","BSD-2-Clause","https://github.com/estools/estraverse"
"esutils@2.0.2","BSD","https://github.com/estools/esutils"
"etag@1.8.1","MIT","https://github.com/jshttp/etag"
"eventemitter3@4.0.0","MIT","https://github.com/primus/eventemitter3"
"events@3.0.0","MIT","https://github.com/Gozala/events"
"eventsource@1.0.7","MIT","https://github.com/EventSource/eventsource"
"evp_bytestokey@1.0.3","MIT","https://github.com/crypto-browserify/EVP_BytesToKey"
"execa@0.10.0","MIT","https://github.com/sindresorhus/execa"
"exit@0.1.2","MIT","https://github.com/cowboy/node-exit"
"expand-braces@0.1.2","MIT","https://github.com/jonschlinkert/expand-braces"
"expand-brackets@0.1.5","MIT","https://github.com/jonschlinkert/expand-brackets"
"expand-range@1.8.2","MIT","https://github.com/jonschlinkert/expand-range"
"express@4.17.1","MIT","https://github.com/expressjs/express"
"extend-shallow@3.0.2","MIT","https://github.com/jonschlinkert/extend-shallow"
"extend@3.0.1","MIT","https://github.com/justmoon/node-extend"
"extglob@0.3.2","MIT","https://github.com/jonschlinkert/extglob"
"extsprintf@1.3.0","MIT","https://github.com/davepacheco/node-extsprintf"
"fast-deep-equal@1.1.0","MIT","https://github.com/epoberezkin/fast-deep-equal"
"fast-json-stable-stringify@2.0.0","MIT","https://github.com/epoberezkin/fast-json-stable-stringify"
"fast-levenshtein@2.0.6","MIT","https://github.com/hiddentao/fast-levenshtein"
"fastparse@1.1.1","MIT","https://github.com/webpack/fastparse"
"faye-websocket@0.10.0","MIT","https://github.com/faye/faye-websocket-node"
"fbjs@0.8.16","MIT","https://github.com/facebook/fbjs"
"figgy-pudding@3.5.1","ISC","https://github.com/zkat/figgy-pudding"
"file-loader@1.1.11","MIT","https://github.com/webpack/file-loader"
"file-saver@1.3.8","MIT","https://github.com/eligrey/FileSaver.js"
"file-uri-to-path@1.0.0","MIT","https://github.com/TooTallNate/file-uri-to-path"
"filename-regex@2.0.1","MIT","https://github.com/regexhq/filename-regex"
"fileset@2.0.3","MIT","https://github.com/mklabs/node-fileset"
"fill-range@2.2.4","MIT","https://github.com/jonschlinkert/fill-range"
"finalhandler@1.1.2","MIT","https://github.com/pillarjs/finalhandler"
"find-cache-dir@1.0.0","MIT","https://github.com/avajs/find-cache-dir"
"find-up@2.1.0","MIT","https://github.com/sindresorhus/find-up"
"flush-write-stream@1.1.1","MIT","https://github.com/mafintosh/flush-write-stream"
"follow-redirects@1.9.0","MIT","https://github.com/follow-redirects/follow-redirects"
"font-awesome@4.7.0","(OFL-1.1 AND MIT)","https://github.com/FortAwesome/Font-Awesome"
"for-in@1.0.2","MIT","https://github.com/jonschlinkert/for-in"
"for-own@0.1.5","MIT","https://github.com/jonschlinkert/for-own"
"forever-agent@0.6.1","Apache-2.0","https://github.com/mikeal/forever-agent"
"form-data@2.1.4","MIT","https://github.com/form-data/form-data"
"forwarded@0.1.2","MIT","https://github.com/jshttp/forwarded"
"fragment-cache@0.2.1","MIT","https://github.com/jonschlinkert/fragment-cache"
"fresh@0.5.2","MIT","https://github.com/jshttp/fresh"
"from2@2.3.0","MIT","https://github.com/hughsk/from2"
"fs-access@1.0.1","MIT","https://github.com/sindresorhus/fs-access"
"fs-minipass@1.2.7","ISC","https://github.com/npm/fs-minipass"
"fs-write-stream-atomic@1.0.10","ISC","https://github.com/npm/fs-write-stream-atomic"
"fs.realpath@1.0.0","ISC","https://github.com/isaacs/fs.realpath"
"fsevents@1.2.9","MIT","https://github.com/strongloop/fsevents"
"fstream@1.0.12","ISC","https://github.com/npm/fstream"
"ftp@0.3.10","MIT","https://github.com/mscdex/node-ftp"
"function-bind@1.1.1","MIT","https://github.com/Raynos/function-bind"
"gauge@2.7.4","ISC","https://github.com/iarna/gauge"
"gaze@1.1.3","MIT","https://github.com/shama/gaze"
"generate-function@2.3.1","MIT","https://github.com/mafintosh/generate-function"
"generate-object-property@1.2.0","MIT","https://github.com/mafintosh/generate-object-property"
"genfun@5.0.0","MIT","https://github.com/zkat/genfun"
"get-caller-file@1.0.3","ISC","https://github.com/stefanpenner/get-caller-file"
"get-stdin@4.0.1","MIT","https://github.com/sindresorhus/get-stdin"
"get-stream@4.1.0","MIT","https://github.com/sindresorhus/get-stream"
"get-uri@2.0.4","MIT","https://github.com/TooTallNate/node-get-uri"
"get-value@2.0.6","MIT","https://github.com/jonschlinkert/get-value"
"getpass@0.1.7","MIT","https://github.com/arekinath/node-getpass"
"glob-base@0.3.0","MIT","https://github.com/jonschlinkert/glob-base"
"glob-parent@2.0.0","ISC","https://github.com/es128/glob-parent"
"glob@7.1.2","ISC","https://github.com/isaacs/node-glob"
"globals@9.18.0","MIT","https://github.com/sindresorhus/globals"
"globby@7.1.1","MIT","https://github.com/sindresorhus/globby"
"globule@1.2.1","MIT","https://github.com/cowboy/node-globule"
"graceful-fs@4.1.11","ISC","https://github.com/isaacs/node-graceful-fs"
"handle-thing@2.0.0","MIT","https://github.com/indutny/handle-thing"
"handlebars@4.5.3","MIT","https://github.com/wycats/handlebars.js"
"har-schema@1.0.5","ISC","https://github.com/ahmadnassri/har-schema"
"har-validator@4.2.1","ISC","https://github.com/ahmadnassri/har-validator"
"has-ansi@2.0.0","MIT","https://github.com/sindresorhus/has-ansi"
"has-binary2@1.0.3","MIT",""
"has-cors@1.1.0","MIT","https://github.com/component/has-cors"
"has-flag@1.0.0","MIT","https://github.com/sindresorhus/has-flag"
"has-symbols@1.0.1","MIT","https://github.com/ljharb/has-symbols"
"has-unicode@2.0.1","ISC","https://github.com/iarna/has-unicode"
"has-value@1.0.0","MIT","https://github.com/jonschlinkert/has-value"
"has-values@1.0.0","MIT","https://github.com/jonschlinkert/has-values"
"has@1.0.3","MIT","https://github.com/tarruda/has"
"hash-base@3.0.4","MIT","https://github.com/crypto-browserify/hash-base"
"hash.js@1.1.7","MIT","https://github.com/indutny/hash.js"
"hawk@3.1.3","BSD-3-Clause","https://github.com/hueniverse/hawk"
"he@1.2.0","MIT","https://github.com/mathiasbynens/he"
"hipchat-notifier@1.1.0","MIT",""
"hmac-drbg@1.0.1","MIT","https://github.com/indutny/hmac-drbg"
"hoek@2.16.3","BSD-3-Clause","https://github.com/hapijs/hoek"
"homedir-polyfill@1.0.1","MIT","https://github.com/doowb/homedir-polyfill"
"hosted-git-info@2.8.5","ISC","https://github.com/npm/hosted-git-info"
"hpack.js@2.1.6","MIT","https://github.com/indutny/hpack.js"
"html-entities@1.2.1","MIT","https://github.com/mdevils/node-html-entities"
"html-minifier@3.5.21","MIT","https://github.com/kangax/html-minifier"
"html-webpack-plugin@3.2.0","MIT","https://github.com/jantimon/html-webpack-plugin"
"htmlparser2@3.10.1","MIT","https://github.com/fb55/htmlparser2"
"http-cache-semantics@3.8.1","BSD-2-Clause","https://github.com/pornel/http-cache-semantics"
"http-deceiver@1.2.7","MIT","https://github.com/indutny/http-deceiver"
"http-errors@1.7.2","MIT","https://github.com/jshttp/http-errors"
"http-parser-js@0.4.10","MIT","https://github.com/creationix/http-parser-js"
"http-proxy-agent@2.1.0","MIT","https://github.com/TooTallNate/node-http-proxy-agent"
"http-proxy-middleware@0.18.0","MIT","https://github.com/chimurai/http-proxy-middleware"
"http-proxy@1.18.0","MIT","https://github.com/http-party/node-http-proxy"
"http-signature@1.1.1","MIT","https://github.com/joyent/node-http-signature"
"httpntlm@1.6.1","MIT","https://github.com/SamDecrock/node-http-ntlm"
"httpreq@0.4.24","MIT","https://github.com/SamDecrock/node-httpreq"
"https-browserify@1.0.0","MIT","https://github.com/substack/https-browserify"
"https-proxy-agent@1.0.0","MIT","https://github.com/TooTallNate/node-https-proxy-agent"
"humanize-ms@1.2.1","MIT","https://github.com/node-modules/humanize-ms"
"humanize@0.0.9","MIT*","https://github.com/taijinlee/humanize"
"iconv-lite@0.4.19","MIT","https://github.com/ashtuchkin/iconv-lite"
"ieee754@1.1.13","BSD-3-Clause","https://github.com/feross/ieee754"
"iferr@0.1.5","MIT","https://github.com/shesek/iferr"
"ignore-walk@3.0.3","ISC","https://github.com/isaacs/ignore-walk"
"ignore@3.3.10","MIT","https://github.com/kaelzhang/node-ignore"
"igv@2.1.0","MIT","https://github.com/igvteam/igv.js"
"image-size@0.5.5","MIT","https://github.com/image-size/image-size"
"import-cwd@2.1.0","MIT","https://github.com/sindresorhus/import-cwd"
"import-fresh@2.0.0","MIT","https://github.com/sindresorhus/import-fresh"
"import-from@2.1.0","MIT","https://github.com/sindresorhus/import-from"
"import-local@2.0.0","MIT","https://github.com/sindresorhus/import-local"
"imurmurhash@0.1.4","MIT","https://github.com/jensyt/imurmurhash-js"
"in-publish@2.0.0","ISC","https://github.com/iarna/in-publish"
"indent-string@2.1.0","MIT","https://github.com/sindresorhus/indent-string"
"indexof@0.0.1","MIT*",""
"inflection@1.12.0","MIT","https://github.com/dreamerslab/node.inflection"
"inflight@1.0.6","ISC","https://github.com/npm/inflight"
"inherits@2.0.3","ISC","https://github.com/isaacs/inherits"
"ini@1.3.5","ISC","https://github.com/isaacs/ini"
"install@0.11.2","MIT","https://github.com/benjamn/install"
"interactjs@1.3.4","MIT","https://github.com/taye/interact.js"
"internal-ip@3.0.1","MIT","https://github.com/sindresorhus/internal-ip"
"invariant@2.2.4","MIT","https://github.com/zertosh/invariant"
"invert-kv@1.0.0","MIT","https://github.com/sindresorhus/invert-kv"
"ip-regex@2.1.0","MIT","https://github.com/sindresorhus/ip-regex"
"ip@1.1.5","MIT","https://github.com/indutny/node-ip"
"ipaddr.js@1.9.0","MIT","https://github.com/whitequark/ipaddr.js"
"is-accessor-descriptor@0.1.6","MIT","https://github.com/jonschlinkert/is-accessor-descriptor"
"is-arguments@1.0.4","MIT","https://github.com/ljharb/is-arguments"
"is-arrayish@0.2.1","MIT","https://github.com/qix-/node-is-arrayish"
"is-binary-path@1.0.1","MIT","https://github.com/sindresorhus/is-binary-path"
"is-buffer@1.1.6","MIT","https://github.com/feross/is-buffer"
"is-callable@1.1.4","MIT","https://github.com/ljharb/is-callable"
"is-data-descriptor@0.1.4","MIT","https://github.com/jonschlinkert/is-data-descriptor"
"is-date-object@1.0.1","MIT","https://github.com/ljharb/is-date-object"
"is-descriptor@0.1.6","MIT","https://github.com/jonschlinkert/is-descriptor"
"is-directory@0.3.1","MIT","https://github.com/jonschlinkert/is-directory"
"is-dotfile@1.0.3","MIT","https://github.com/jonschlinkert/is-dotfile"
"is-equal-shallow@0.1.3","MIT","https://github.com/jonschlinkert/is-equal-shallow"
"is-extendable@0.1.1","MIT","https://github.com/jonschlinkert/is-extendable"
"is-extglob@1.0.0","MIT","https://github.com/jonschlinkert/is-extglob"
"is-finite@1.0.2","MIT","https://github.com/sindresorhus/is-finite"
"is-fullwidth-code-point@1.0.0","MIT","https://github.com/sindresorhus/is-fullwidth-code-point"
"is-glob@2.0.1","MIT","https://github.com/jonschlinkert/is-glob"
"is-my-ip-valid@1.0.0","MIT","https://github.com/LinusU/is-my-ip-valid"
"is-my-json-valid@2.20.0","MIT","https://github.com/mafintosh/is-my-json-valid"
"is-number@2.1.0","MIT","https://github.com/jonschlinkert/is-number"
"is-odd@2.0.0","MIT","https://github.com/jonschlinkert/is-odd"
"is-path-cwd@1.0.0","MIT","https://github.com/sindresorhus/is-path-cwd"
"is-path-in-cwd@1.0.0","MIT","https://github.com/sindresorhus/is-path-in-cwd"
"is-path-inside@1.0.1","MIT","https://github.com/sindresorhus/is-path-inside"
"is-plain-object@2.0.4","MIT","https://github.com/jonschlinkert/is-plain-object"
"is-posix-bracket@0.1.1","MIT","https://github.com/jonschlinkert/is-posix-bracket"
"is-primitive@2.0.0","MIT","https://github.com/jonschlinkert/is-primitive"
"is-property@1.0.2","MIT","https://github.com/mikolalysenko/is-property"
"is-regex@1.0.4","MIT","https://github.com/ljharb/is-regex"
"is-stream@1.1.0","MIT","https://github.com/sindresorhus/is-stream"
"is-symbol@1.0.3","MIT","https://github.com/inspect-js/is-symbol"
"is-typedarray@1.0.0","MIT","https://github.com/hughsk/is-typedarray"
"is-utf8@0.2.1","MIT","https://github.com/wayfind/is-utf8"
"is-windows@1.0.2","MIT","https://github.com/jonschlinkert/is-windows"
"is-wsl@1.1.0","MIT","https://github.com/sindresorhus/is-wsl"
"isarray@1.0.0","MIT","https://github.com/juliangruber/isarray"
"isbinaryfile@3.0.3","MIT","https://github.com/gjtorikian/isBinaryFile"
"isexe@2.0.0","ISC","https://github.com/isaacs/isexe"
"isobject@2.1.0","MIT","https://github.com/jonschlinkert/isobject"
"isomorphic-fetch@2.2.1","MIT","https://github.com/matthew-andrews/isomorphic-fetch"
"isstream@0.1.2","MIT","https://github.com/rvagg/isstream"
"istanbul-api@1.3.7","BSD-3-Clause","https://github.com/istanbuljs/istanbuljs"
"istanbul-instrumenter-loader@3.0.1","MIT","https://github.com/webpack-contrib/istanbul-instrumenter-loader"
"istanbul-lib-coverage@1.2.1","BSD-3-Clause","https://github.com/istanbuljs/istanbuljs"
"istanbul-lib-hook@1.2.2","BSD-3-Clause","https://github.com/istanbuljs/istanbuljs"
"istanbul-lib-instrument@1.10.2","BSD-3-Clause","https://github.com/istanbuljs/istanbuljs"
"istanbul-lib-report@1.1.5","BSD-3-Clause","https://github.com/istanbuljs/istanbuljs"
"istanbul-lib-source-maps@1.2.6","BSD-3-Clause","https://github.com/istanbuljs/istanbuljs"
"istanbul-reports@1.5.1","BSD-3-Clause","https://github.com/istanbuljs/istanbuljs"
"istanbul@0.4.5","BSD-3-Clause","https://github.com/gotwarlost/istanbul"
"jQuery-QueryBuilder@2.5.2","MIT","https://github.com/mistic100/jQuery-QueryBuilder"
"jasmine-core@2.8.0","MIT","https://github.com/jasmine/jasmine"
"jasmine-diff@0.1.3","MIT","https://github.com/jimf/jasmine-diff"
"jasmine-spec-reporter@4.2.1","Apache-2.0","https://github.com/bcaudan/jasmine-spec-reporter"
"jasmine@2.99.0","MIT","https://github.com/jasmine/jasmine-npm"
"jasminewd2@2.2.0","MIT","https://github.com/angular/jasminewd"
"jquery-extendext@0.1.2","MIT","https://github.com/mistic100/jQuery.extendext"
"jquery-ui-dist@1.12.1","MIT","https://github.com/jquery/jquery-ui"
"jquery@3.3.1","MIT","https://github.com/jquery/jquery"
"js-base64@2.5.1","BSD-3-Clause","https://github.com/dankogai/js-base64"
"js-tokens@3.0.2","MIT","https://github.com/lydell/js-tokens"
"js-yaml@3.10.0","MIT","https://github.com/nodeca/js-yaml"
"jsbn@0.1.1","MIT","https://github.com/andyperlitch/jsbn"
"jsesc@1.3.0","MIT","https://github.com/mathiasbynens/jsesc"
"json-parse-better-errors@1.0.2","MIT","https://github.com/zkat/json-parse-better-errors"
"json-schema-traverse@0.4.1","MIT","https://github.com/epoberezkin/json-schema-traverse"
"json-schema@0.2.3","AFLv2.1,BSD","https://github.com/kriszyp/json-schema"
"json-stable-stringify@1.0.1","MIT","https://github.com/substack/json-stable-stringify"
"json-stringify-safe@5.0.1","ISC","https://github.com/isaacs/json-stringify-safe"
"json3@3.3.3","MIT","https://github.com/bestiejs/json3"
"json5@0.5.1","MIT","https://github.com/aseemk/json5"
"jsonify@0.0.0","Public Domain","https://github.com/substack/jsonify"
"jsonparse@1.3.1","MIT","https://github.com/creationix/jsonparse"
"jsonpointer@4.0.1","MIT","https://github.com/janl/node-jsonpointer"
"jsprim@1.4.1","MIT","https://github.com/joyent/node-jsprim"
"karma-chrome-launcher@2.2.0","MIT","https://github.com/karma-runner/karma-chrome-launcher"
"karma-coverage-istanbul-reporter@1.4.3","MIT","https://github.com/mattlewis92/karma-coverage-istanbul-reporter"
"karma-jasmine-html-reporter@0.2.2","MIT","https://github.com/taras42/karma-jasmine-html-reporter"
"karma-jasmine@1.1.2","MIT","https://github.com/karma-runner/karma-jasmine"
"karma-source-map-support@1.3.0","MIT","https://github.com/tschaub/karma-source-map-support"
"karma@2.0.5","MIT","https://github.com/karma-runner/karma"
"killable@1.0.1","ISC","https://github.com/marten-de-vries/killable"
"kind-of@3.2.2","MIT","https://github.com/jonschlinkert/kind-of"
"lcid@1.0.0","MIT","https://github.com/sindresorhus/lcid"
"less-loader@4.1.0","MIT","https://github.com/webpack-contrib/less-loader"
"less@3.8.1","Apache-2.0","https://github.com/less/less.js"
"levn@0.3.0","MIT","https://github.com/gkz/levn"
"libbase64@0.1.0","MIT","https://github.com/andris9/libbase64"
"libmime@3.0.0","MIT","https://github.com/andris9/libmime"
"libqp@1.1.0","MIT","https://github.com/andris9/libqp"
"license-webpack-plugin@1.5.0","ISC","https://github.com/xz64/license-webpack-plugin"
"load-json-file@1.1.0","MIT","https://github.com/sindresorhus/load-json-file"
"loader-runner@2.4.0","MIT","https://github.com/webpack/loader-runner"
"loader-utils@1.1.0","MIT","https://github.com/webpack/loader-utils"
"locate-path@2.0.0","MIT","https://github.com/sindresorhus/locate-path"
"lodash-es@4.17.8","MIT","https://github.com/lodash/lodash"
"lodash.clonedeep@4.5.0","MIT","https://github.com/lodash/lodash"
"lodash.countby@4.6.0","MIT","https://github.com/lodash/lodash"
"lodash.debounce@4.0.8","MIT","https://github.com/lodash/lodash"
"lodash.range@3.2.0","MIT","https://github.com/lodash/lodash"
"lodash.startcase@4.4.0","MIT","https://github.com/lodash/lodash"
"lodash.tail@4.1.1","MIT","https://github.com/lodash/lodash"
"lodash@4.17.5","MIT","https://github.com/lodash/lodash"
"log4js@2.11.0","Apache-2.0","https://github.com/log4js-node/log4js-node"
"loggly@1.1.1","MIT","https://github.com/winstonjs/node-loggly"
"loglevel@1.6.6","MIT","https://github.com/pimterry/loglevel"
"long@3.2.0","Apache-2.0","https://github.com/dcodeIO/long.js"
"loose-envify@1.3.1","MIT","https://github.com/zertosh/loose-envify"
"loud-rejection@1.6.0","MIT","https://github.com/sindresorhus/loud-rejection"
"lower-case@1.1.4","MIT","https://github.com/blakeembrey/lower-case"
"lru-cache@4.1.5","ISC","https://github.com/isaacs/node-lru-cache"
"mailcomposer@4.0.1","MIT","https://github.com/andris9/mailcomposer"
"mailgun-js@0.18.1","MIT","https://github.com/bojand/mailgun-js"
"make-dir@1.3.0","MIT","https://github.com/sindresorhus/make-dir"
"make-error@1.3.4","ISC","https://github.com/JsCommunity/make-error"
"make-fetch-happen@4.0.2","ISC","https://github.com/zkat/make-fetch-happen"
"mamacro@0.0.3","MIT",""
"map-age-cleaner@0.1.3","MIT","https://github.com/SamVerschueren/map-age-cleaner"
"map-cache@0.2.2","MIT","https://github.com/jonschlinkert/map-cache"
"map-obj@1.0.1","MIT","https://github.com/sindresorhus/map-obj"
"map-visit@1.0.0","MIT","https://github.com/jonschlinkert/map-visit"
"math-random@1.0.4","MIT","https://github.com/michaelrhodes/math-random"
"md5.js@1.3.5","MIT","https://github.com/crypto-browserify/md5.js"
"media-typer@0.3.0","MIT","https://github.com/jshttp/media-typer"
"mem@4.3.0","MIT","https://github.com/sindresorhus/mem"
"memory-fs@0.4.1","MIT","https://github.com/webpack/memory-fs"
"meow@3.7.0","MIT","https://github.com/sindresorhus/meow"
"merge-descriptors@1.0.1","MIT","https://github.com/component/merge-descriptors"
"methods@1.1.2","MIT","https://github.com/jshttp/methods"
"micromatch@2.3.11","MIT","https://github.com/jonschlinkert/micromatch"
"microplugin@0.0.3","Apache*","https://github.com/brianreavis/microplugin.js"
"miller-rabin@4.0.1","MIT","https://github.com/indutny/miller-rabin"
"mime-db@1.33.0","MIT","https://github.com/jshttp/mime-db"
"mime-types@2.1.18","MIT","https://github.com/jshttp/mime-types"
"mime@1.6.0","MIT","https://github.com/broofa/node-mime"
"mimic-fn@2.1.0","MIT","https://github.com/sindresorhus/mimic-fn"
"mini-css-extract-plugin@0.4.4","MIT","https://github.com/webpack-contrib/mini-css-extract-plugin"
"minimalistic-assert@1.0.1","ISC","https://github.com/calvinmetcalf/minimalistic-assert"
"minimalistic-crypto-utils@1.0.1","MIT","https://github.com/indutny/minimalistic-crypto-utils"
"minimatch@3.0.4","ISC","https://github.com/isaacs/minimatch"
"minimist@0.0.8","MIT","https://github.com/substack/minimist"
"minipass@2.9.0","ISC","https://github.com/isaacs/minipass"
"minizlib@1.3.3","MIT","https://github.com/isaacs/minizlib"
"mississippi@3.0.0","BSD-2-Clause","https://github.com/maxogden/mississippi"
"mixin-deep@1.3.1","MIT","https://github.com/jonschlinkert/mixin-deep"
"mixin-object@2.0.1","MIT","https://github.com/jonschlinkert/mixin-object"
"mkdirp@0.5.1","MIT","https://github.com/substack/node-mkdirp"
"moment@2.22.2","MIT","https://github.com/moment/moment"
"move-concurrently@1.0.1","ISC","https://github.com/npm/move-concurrently"
"ms@2.0.0","MIT","https://github.com/zeit/ms"
"multicast-dns-service-types@1.1.0","MIT","https://github.com/mafintosh/multicast-dns-service-types"
"multicast-dns@6.2.3","MIT","https://github.com/mafintosh/multicast-dns"
"nan@2.14.0","MIT","https://github.com/nodejs/nan"
"nanomatch@1.2.9","MIT","https://github.com/micromatch/nanomatch"
"negotiator@0.6.2","MIT","https://github.com/jshttp/negotiator"
"neo-async@2.6.1","MIT","https://github.com/suguru03/neo-async"
"netmask@1.0.6","MIT","https://github.com/rs/node-netmask"
"ng-connection-service@1.0.4","MIT","https://github.com/ultrasonicsoft/ng-connection-service"
"ng2-charts@1.6.0","MIT","https://github.com/valor-software/ng2-charts"
"ngx-bootstrap@3.3.0","MIT","https://github.com/valor-software/ngx-bootstrap"
"nice-try@1.0.5","MIT","https://github.com/electerious/nice-try"
"no-case@2.3.2","MIT","https://github.com/blakeembrey/no-case"
"node-fetch-npm@2.0.2","MIT","https://github.com/npm/node-fetch-npm"
"node-fetch@1.7.3","MIT","https://github.com/bitinn/node-fetch"
"node-forge@0.9.0","(BSD-3-Clause OR GPL-2.0)","https://github.com/digitalbazaar/forge"
"node-gyp@3.8.0","MIT","https://github.com/nodejs/node-gyp"
"node-libs-browser@2.2.1","MIT","https://github.com/webpack/node-libs-browser"
"node-sass@4.13.0","MIT","https://github.com/sass/node-sass"
"nodemailer-direct-transport@3.3.2","MIT","https://github.com/andris9/nodemailer-direct-transport"
"nodemailer-fetch@1.6.0","MIT","https://github.com/nodemailer/nodemailer-fetch"
"nodemailer-shared@1.1.0","MIT","https://github.com/nodemailer/nodemailer-shared"
"nodemailer-smtp-pool@2.8.2","MIT","https://github.com/andris9/nodemailer-smtp-pool"
"nodemailer-smtp-transport@2.7.2","MIT","https://github.com/andris9/nodemailer-smtp-transport"
"nodemailer-wellknown@0.1.10","MIT","https://github.com/andris9/nodemailer-wellknown"
"nodemailer@2.7.2","MIT","https://nodemailer.com/"
"nopt@3.0.6","ISC","https://github.com/npm/nopt"
"normalize-package-data@2.5.0","BSD-2-Clause","https://github.com/npm/normalize-package-data"
"normalize-path@2.1.1","MIT","https://github.com/jonschlinkert/normalize-path"
"normalize-range@0.1.2","MIT","https://github.com/jamestalmage/normalize-range"
"npm-bundled@1.0.6","ISC","https://github.com/npm/npm-bundled"
"npm-package-arg@6.1.0","ISC","https://github.com/npm/npm-package-arg"
"npm-packlist@1.4.6","ISC","https://github.com/npm/npm-packlist"
"npm-pick-manifest@2.2.3","ISC","https://github.com/zkat/npm-pick-manifest"
"npm-registry-client@8.6.0","ISC","https://github.com/npm/npm-registry-client"
"npm-registry-fetch@3.9.1","ISC","https://github.com/npm/registry-fetch"
"npm-run-path@2.0.2","MIT","https://github.com/sindresorhus/npm-run-path"
"npm@5.10.0","Artistic-2.0","https://github.com/npm/npm"
"npmlog@4.1.2","ISC","https://github.com/npm/npmlog"
"nth-check@1.0.2","BSD-2-Clause","https://github.com/fb55/nth-check"
"null-check@1.0.0","MIT","https://github.com/sindresorhus/null-check"
"num2fraction@1.2.2","MIT","https://github.com/yisibl/num2fraction"
"number-is-nan@1.0.1","MIT","https://github.com/sindresorhus/number-is-nan"
"oauth-sign@0.8.2","Apache-2.0","https://github.com/mikeal/oauth-sign"
"object-assign@4.1.1","MIT","https://github.com/sindresorhus/object-assign"
"object-component@0.0.3","MIT*",""
"object-copy@0.1.0","MIT","https://github.com/jonschlinkert/object-copy"
"object-inspect@1.7.0","MIT","https://github.com/substack/object-inspect"
"object-is@1.0.1","MIT","https://github.com/ljharb/object-is"
"object-keys@1.1.1","MIT","https://github.com/ljharb/object-keys"
"object-visit@1.0.1","MIT","https://github.com/jonschlinkert/object-visit"
"object.getownpropertydescriptors@2.0.3","MIT","https://github.com/ljharb/object.getownpropertydescriptors"
"object.omit@2.0.1","MIT","https://github.com/jonschlinkert/object.omit"
"object.pick@1.3.0","MIT","https://github.com/jonschlinkert/object.pick"
"obuf@1.1.2","MIT","https://github.com/indutny/offset-buffer"
"on-finished@2.3.0","MIT","https://github.com/jshttp/on-finished"
"on-headers@1.0.2","MIT","https://github.com/jshttp/on-headers"
"once@1.4.0","ISC","https://github.com/isaacs/once"
"opn@5.4.0","MIT","https://github.com/sindresorhus/opn"
"optimist@0.6.1","MIT*","https://github.com/substack/node-optimist"
"optionator@0.8.3","MIT","https://github.com/gkz/optionator"
"options@0.0.6","MIT*","https://github.com/einaros/options.js"
"original@1.0.2","MIT","https://github.com/unshiftio/original"
"os-browserify@0.3.0","MIT","https://github.com/CoderPuppy/os-browserify"
"os-homedir@1.0.2","MIT","https://github.com/sindresorhus/os-homedir"
"os-locale@1.4.0","MIT","https://github.com/sindresorhus/os-locale"
"os-tmpdir@1.0.2","MIT","https://github.com/sindresorhus/os-tmpdir"
"osenv@0.1.5","ISC","https://github.com/npm/osenv"
"p-defer@1.0.0","MIT","https://github.com/sindresorhus/p-defer"
"p-finally@1.0.0","MIT","https://github.com/sindresorhus/p-finally"
"p-is-promise@2.1.0","MIT","https://github.com/sindresorhus/p-is-promise"
"p-limit@1.3.0","MIT","https://github.com/sindresorhus/p-limit"
"p-locate@2.0.0","MIT","https://github.com/sindresorhus/p-locate"
"p-map@1.2.0","MIT","https://github.com/sindresorhus/p-map"
"p-try@1.0.0","MIT","https://github.com/sindresorhus/p-try"
"pac-proxy-agent@3.0.1","MIT","https://github.com/TooTallNate/node-pac-proxy-agent"
"pac-resolver@3.0.0","MIT","https://github.com/TooTallNate/node-pac-resolver"
"pacote@9.2.3","MIT","https://github.com/zkat/pacote"
"pako@1.0.10","(MIT AND Zlib)","https://github.com/nodeca/pako"
"parallel-transform@1.2.0","MIT","https://github.com/mafintosh/parallel-transform"
"param-case@2.1.1","MIT","https://github.com/blakeembrey/param-case"
"parse-asn1@5.1.5","ISC","https://github.com/crypto-browserify/parse-asn1"
"parse-glob@3.0.4","MIT","https://github.com/jonschlinkert/parse-glob"
"parse-json@2.2.0","MIT","https://github.com/sindresorhus/parse-json"
"parse-passwd@1.0.0","MIT","https://github.com/doowb/parse-passwd"
"parse5@4.0.0","MIT","https://github.com/inikulin/parse5"
"parseqs@0.0.5","MIT","https://github.com/get/querystring"
"parseuri@0.0.5","MIT","https://github.com/get/parseuri"
"parseurl@1.3.3","MIT","https://github.com/pillarjs/parseurl"
"pascalcase@0.1.1","MIT","https://github.com/jonschlinkert/pascalcase"
"path-browserify@0.0.1","MIT","https://github.com/substack/path-browserify"
"path-dirname@1.0.2","MIT","https://github.com/es128/path-dirname"
"path-exists@3.0.0","MIT","https://github.com/sindresorhus/path-exists"
"path-is-absolute@1.0.1","MIT","https://github.com/sindresorhus/path-is-absolute"
"path-is-inside@1.0.2","(WTFPL OR MIT)","https://github.com/domenic/path-is-inside"
"path-key@2.0.1","MIT","https://github.com/sindresorhus/path-key"
"path-parse@1.0.5","MIT","https://github.com/jbgutierrez/path-parse"
"path-proxy@1.0.0","MIT","https://github.com/jclem/path-proxy"
"path-to-regexp@0.1.7","MIT","https://github.com/component/path-to-regexp"
"path-type@3.0.0","MIT","https://github.com/sindresorhus/path-type"
"pbkdf2@3.0.17","MIT","https://github.com/crypto-browserify/pbkdf2"
"performance-now@0.2.0","MIT","https://github.com/meryn/performance-now"
"pify@3.0.0","MIT","https://github.com/sindresorhus/pify"
"pinkie-promise@2.0.1","MIT","https://github.com/floatdrop/pinkie-promise"
"pinkie@2.0.4","MIT","https://github.com/floatdrop/pinkie"
"pkg-dir@2.0.0","MIT","https://github.com/sindresorhus/pkg-dir"
"popper.js@1.14.4","MIT","https://github.com/FezVrasta/popper.js"
"portfinder@1.0.19","MIT","https://github.com/indexzero/node-portfinder"
"posix-character-classes@0.1.1","MIT","https://github.com/jonschlinkert/posix-character-classes"
"postcss-import@11.1.0","MIT","https://github.com/postcss/postcss-import"
"postcss-load-config@2.1.0","MIT","https://github.com/michael-ciniawsky/postcss-load-config"
"postcss-loader@2.1.6","MIT","https://github.com/postcss/postcss-loader"
"postcss-url@7.3.2","MIT","https://github.com/postcss/postcss-url"
"postcss-value-parser@3.3.1","MIT","https://github.com/TrySound/postcss-value-parser"
"postcss@6.0.23","MIT","https://github.com/postcss/postcss"
"prelude-ls@1.1.2","MIT","https://github.com/gkz/prelude-ls"
"preserve@0.2.0","MIT","https://github.com/jonschlinkert/preserve"
"pretty-error@2.1.1","MIT","https://github.com/AriaMinaei/pretty-error"
"process-nextick-args@2.0.0","MIT","https://github.com/calvinmetcalf/process-nextick-args"
"process@0.11.10","MIT","https://github.com/shtylman/node-process"
"promise-inflight@1.0.1","ISC","https://github.com/iarna/promise-inflight"
"promise-retry@1.1.1","MIT","https://github.com/IndigoUnited/node-promise-retry"
"promise@7.3.1","MIT","https://github.com/then/promise"
"promisify-call@2.0.4","MIT","https://github.com/bojand/promisify-call"
"prop-types@15.6.1","MIT","https://github.com/facebook/prop-types"
"protoduck@5.0.1","MIT","https://github.com/zkat/protoduck"
"protractor@5.1.2","MIT","https://github.com/angular/protractor"
"proxy-addr@2.0.5","MIT","https://github.com/jshttp/proxy-addr"
"proxy-agent@3.0.3","MIT","https://github.com/TooTallNate/node-proxy-agent"
"proxy-from-env@1.0.0","MIT","https://github.com/Rob--W/proxy-from-env"
"prr@1.0.1","MIT","https://github.com/rvagg/prr"
"pseudomap@1.0.2","ISC","https://github.com/isaacs/pseudomap"
"psl@1.4.0","MIT","https://github.com/lupomontero/psl"
"public-encrypt@4.0.3","MIT","https://github.com/crypto-browserify/publicEncrypt"
"pump@3.0.0","MIT","https://github.com/mafintosh/pump"
"pumpify@1.5.1","MIT","https://github.com/mafintosh/pumpify"
"punycode@1.4.1","MIT","https://github.com/bestiejs/punycode.js"
"q@1.4.1","MIT","https://github.com/kriskowal/q"
"qjobs@1.2.0","MIT","https://github.com/franck34/qjobs"
"qs@6.4.0","BSD-3-Clause","https://github.com/ljharb/qs"
"query-selector@1.0.9","MIT","https://github.com/yiminghe/query-selector"
"querystring-es3@0.2.1","MIT","https://github.com/mike-spainhower/querystring"
"querystring@0.2.0","MIT","https://github.com/Gozala/querystring"
"querystringify@2.1.1","MIT","https://github.com/unshiftio/querystringify"
"randomatic@3.1.1","MIT","https://github.com/jonschlinkert/randomatic"
"randombytes@2.1.0","MIT","https://github.com/crypto-browserify/randombytes"
"randomfill@1.0.4","MIT","https://github.com/crypto-browserify/randomfill"
"range-parser@1.2.1","MIT","https://github.com/jshttp/range-parser"
"raw-body@2.4.0","MIT","https://github.com/stream-utils/raw-body"
"raw-loader@0.5.1","MIT","https://github.com/webpack/raw-loader"
"react-faux-dom@3.1.0","Unlicense","https://github.com/Olical/react-faux-dom"
"react@15.6.2","MIT","https://github.com/facebook/react"
"read-cache@1.0.0","MIT","https://github.com/TrySound/read-cache"
"read-pkg-up@1.0.1","MIT","https://github.com/sindresorhus/read-pkg-up"
"read-pkg@1.1.0","MIT","https://github.com/sindresorhus/read-pkg"
"readable-stream@2.3.4","MIT","https://github.com/nodejs/readable-stream"
"readdirp@2.1.0","MIT","https://github.com/thlorenz/readdirp"
"redent@1.0.0","MIT","https://github.com/sindresorhus/redent"
"redeyed@1.0.1","MIT","https://github.com/thlorenz/redeyed"
"redis-commands@1.5.0","MIT","https://github.com/NodeRedis/redis-commands"
"redis-parser@2.6.0","MIT","https://github.com/NodeRedis/node-redis-parser"
"redis@2.8.0","MIT","https://github.com/NodeRedis/node_redis"
"reduce-reducers@0.1.2","MIT","https://github.com/acdlite/reduce-reducers"
"redux-actions@1.2.2","MIT","https://github.com/acdlite/redux-actions"
"redux@3.7.2","MIT","https://github.com/reactjs/redux"
"reflect-metadata@0.1.13","Apache-2.0","https://github.com/rbuckton/reflect-metadata"
"regenerate@1.4.0","MIT","https://github.com/mathiasbynens/regenerate"
"regenerator-runtime@0.11.1","MIT","https://github.com/facebook/regenerator/tree/master/packages/regenerator-runtime"
"regex-cache@0.4.4","MIT","https://github.com/jonschlinkert/regex-cache"
"regex-not@1.0.2","MIT","https://github.com/jonschlinkert/regex-not"
"regexp.prototype.flags@1.2.0","MIT","https://github.com/es-shims/RegExp.prototype.flags"
"regexpu-core@1.0.0","MIT","https://github.com/mathiasbynens/regexpu-core"
"regjsgen@0.2.0","MIT","https://github.com/d10/regjsgen"
"regjsparser@0.1.5","BSD*","https://github.com/jviereck/regjsparser"
"relateurl@0.2.7","MIT","https://github.com/stevenvachon/relateurl"
"remove-trailing-separator@1.1.0","ISC","https://github.com/darsain/remove-trailing-separator"
"renderkid@2.0.3","MIT","https://github.com/AriaMinaei/RenderKid"
"repeat-element@1.1.2","MIT","https://github.com/jonschlinkert/repeat-element"
"repeat-string@1.6.1","MIT","https://github.com/jonschlinkert/repeat-string"
"repeating@2.0.1","MIT","https://github.com/sindresorhus/repeating"
"request@2.81.0","Apache-2.0","https://github.com/request/request"
"requestretry@1.13.0","MIT","https://github.com/FGRibreau/node-request-retry"
"require-directory@2.1.1","MIT","https://github.com/troygoode/node-require-directory"
"require-main-filename@1.0.1","ISC","https://github.com/yargs/require-main-filename"
"requires-port@1.0.0","MIT","https://github.com/unshiftio/requires-port"
"resolve-cwd@2.0.0","MIT","https://github.com/sindresorhus/resolve-cwd"
"resolve-from@3.0.0","MIT","https://github.com/sindresorhus/resolve-from"
"resolve-url@0.2.1","MIT","https://github.com/lydell/resolve-url"
"resolve@1.5.0","MIT","https://github.com/browserify/node-resolve"
"ret@0.1.15","MIT","https://github.com/fent/ret.js"
"retry@0.10.1","MIT","https://github.com/tim-kos/node-retry"
"rimraf@2.6.2","ISC","https://github.com/isaacs/rimraf"
"ripemd160@2.0.2","MIT","https://github.com/crypto-browserify/ripemd160"
"run-queue@1.0.3","ISC","https://github.com/iarna/run-queue"
"rw@1.3.3","BSD-3-Clause","https://github.com/mbostock/rw"
"rxjs@6.5.3","Apache-2.0","https://github.com/reactivex/rxjs"
"safe-buffer@5.1.1","MIT","https://github.com/feross/safe-buffer"
"safe-regex@1.1.0","MIT","https://github.com/substack/safe-regex"
"safer-buffer@2.1.2","MIT","https://github.com/ChALkeR/safer-buffer"
"sass-graph@2.2.4","MIT","https://github.com/xzyfer/sass-graph"
"sass-loader@7.1.0","MIT","https://github.com/webpack-contrib/sass-loader"
"saucelabs@1.3.0","MIT*","https://github.com/holidayextras/node-saucelabs"
"sax@0.5.8","BSD*","https://github.com/isaacs/sax-js"
"schema-utils@0.4.7","MIT","https://github.com/webpack-contrib/schema-utils"
"scss-tokenizer@0.2.3","MIT","https://github.com/sasstools/scss-tokenizer"
"select-hose@2.0.0","MIT","https://github.com/indutny/select-hose"
"selectize@0.12.6","Apache-2.0","https://github.com/selectize/selectize.js"
"selenium-webdriver@3.0.1","Apache-2.0","https://github.com/SeleniumHQ/selenium"
"selfsigned@1.10.7","MIT","https://github.com/jfromaniello/selfsigned"
"semver-dsl@1.0.1","MIT","https://github.com/mgechev/semver-dsl"
"semver-intersect@1.4.0","MIT","https://github.com/snyamathi/semver-intersect"
"semver@5.5.0","ISC","https://github.com/npm/node-semver"
"send@0.17.1","MIT","https://github.com/pillarjs/send"
"serialize-javascript@1.9.1","BSD-3-Clause","https://github.com/yahoo/serialize-javascript"
"serve-index@1.9.1","MIT","https://github.com/expressjs/serve-index"
"serve-static@1.14.1","MIT","https://github.com/expressjs/serve-static"
"set-blocking@2.0.0","ISC","https://github.com/yargs/set-blocking"
"set-immediate-shim@1.0.1","MIT","https://github.com/sindresorhus/set-immediate-shim"
"set-value@2.0.0","MIT","https://github.com/jonschlinkert/set-value"
"setimmediate@1.0.5","MIT","https://github.com/YuzuJS/setImmediate"
"setprototypeof@1.1.1","ISC","https://github.com/wesleytodd/setprototypeof"
"sha.js@2.4.11","(MIT AND BSD-3-Clause)","https://github.com/crypto-browserify/sha.js"
"shallow-clone@1.0.0","MIT","https://github.com/jonschlinkert/shallow-clone"
"shebang-command@1.2.0","MIT","https://github.com/kevva/shebang-command"
"shebang-regex@1.0.0","MIT","https://github.com/sindresorhus/shebang-regex"
"sifter@0.5.3","Apache-2.0","https://github.com/brianreavis/sifter.js"
"signal-exit@3.0.2","ISC","https://github.com/tapjs/signal-exit"
"sjcl@1.0.7","BSD*","https://github.com/bitwiseshiftleft/sjcl"
"slack-node@0.2.0","MIT","https://github.com/clonn/slack-node-sdk"
"slash@1.0.0","MIT","https://github.com/sindresorhus/slash"
"slide@1.1.6","ISC","https://github.com/isaacs/slide-flow-control"
"smart-buffer@4.0.1","MIT","https://github.com/JoshGlazebrook/smart-buffer"
"smtp-connection@2.12.0","MIT","https://github.com/andris9/smtp-connection"
"snapdragon-node@2.1.1","MIT","https://github.com/jonschlinkert/snapdragon-node"
"snapdragon-util@3.0.1","MIT","https://github.com/jonschlinkert/snapdragon-util"
"snapdragon@0.8.2","MIT","https://github.com/jonschlinkert/snapdragon"
"sntp@1.0.9","BSD","https://github.com/hueniverse/sntp"
"socket.io-adapter@1.1.1","MIT","https://github.com/socketio/socket.io-adapter"
"socket.io-client@2.0.4","MIT","https://github.com/Automattic/socket.io-client"
"socket.io-parser@3.1.3","MIT","https://github.com/Automattic/socket.io-parser"
"socket.io@2.0.4","MIT","https://github.com/socketio/socket.io"
"sockjs-client@1.3.0","MIT","https://github.com/sockjs/sockjs-client"
"sockjs@0.3.19","MIT","https://github.com/sockjs/sockjs-node"
"socks-proxy-agent@4.0.1","MIT","https://github.com/TooTallNate/node-socks-proxy-agent"
"socks@2.2.1","MIT","https://github.com/JoshGlazebrook/socks"
"source-list-map@2.0.1","MIT","https://github.com/webpack/source-list-map"
"source-map-loader@0.2.4","MIT","https://github.com/webpack-contrib/source-map-loader"
"source-map-resolve@0.5.1","MIT","https://github.com/lydell/source-map-resolve"
"source-map-support@0.4.18","MIT","https://github.com/evanw/node-source-map-support"
"source-map-url@0.4.0","MIT","https://github.com/lydell/source-map-url"
"source-map@0.5.7","BSD-3-Clause","https://github.com/mozilla/source-map"
"spdx-correct@3.1.0","Apache-2.0","https://github.com/jslicense/spdx-correct.js"
"spdx-exceptions@2.2.0","CC-BY-3.0","https://github.com/kemitchell/spdx-exceptions.json"
"spdx-expression-parse@3.0.0","MIT","https://github.com/jslicense/spdx-expression-parse.js"
"spdx-license-ids@3.0.5","CC0-1.0","https://github.com/shinnn/spdx-license-ids"
"spdy-transport@3.0.0","MIT","https://github.com/spdy-http2/spdy-transport"
"spdy@4.0.1","MIT","https://github.com/indutny/node-spdy"
"split-string@3.1.0","MIT","https://github.com/jonschlinkert/split-string"
"sprintf-js@1.0.3","BSD-3-Clause","https://github.com/alexei/sprintf.js"
"sshpk@1.13.1","MIT","https://github.com/arekinath/node-sshpk"
"ssri@5.3.0","ISC","https://github.com/zkat/ssri"
"static-extend@0.1.2","MIT","https://github.com/jonschlinkert/static-extend"
"stats-webpack-plugin@0.6.2","MIT","https://github.com/unindented/stats-webpack-plugin"
"statuses@1.5.0","MIT","https://github.com/jshttp/statuses"
"stdout-stream@1.4.1","MIT","https://github.com/mafintosh/stdout-stream"
"stream-browserify@2.0.2","MIT","https://github.com/browserify/stream-browserify"
"stream-each@1.2.3","MIT","https://github.com/mafintosh/stream-each"
"stream-http@2.8.3","MIT","https://github.com/jhiesey/stream-http"
"stream-shift@1.0.0","MIT","https://github.com/mafintosh/stream-shift"
"streamroller@0.7.0","MIT","https://github.com/nomiddlename/streamroller"
"string-width@1.0.2","MIT","https://github.com/sindresorhus/string-width"
"string.prototype.trimleft@2.1.0","MIT","https://github.com/es-shims/String.prototype.trimLeft"
"string.prototype.trimright@2.1.0","MIT","https://github.com/es-shims/String.prototype.trimRight"
"string_decoder@1.0.3","MIT","https://github.com/rvagg/string_decoder"
"stringstream@0.0.5","MIT","https://github.com/mhart/StringStream"
"strip-ansi@3.0.1","MIT","https://github.com/chalk/strip-ansi"
"strip-bom@2.0.0","MIT","https://github.com/sindresorhus/strip-bom"
"strip-eof@1.0.0","MIT","https://github.com/sindresorhus/strip-eof"
"strip-indent@1.0.1","MIT","https://github.com/sindresorhus/strip-indent"
"strip-json-comments@2.0.1","MIT","https://github.com/sindresorhus/strip-json-comments"
"style-attr@1.3.0","MIT","https://github.com/joshwnj/style-attr"
"style-loader@0.21.0","MIT","https://github.com/webpack-contrib/style-loader"
"stylus-loader@3.0.2","MIT","https://github.com/shama/stylus-loader"
"stylus@0.54.5","MIT","https://github.com/stylus/stylus"
"supports-color@2.0.0","MIT","https://github.com/chalk/supports-color"
"tapable@1.1.3","MIT","https://github.com/webpack/tapable"
"tar@4.4.13","ISC","https://github.com/npm/node-tar"
"through2@2.0.5","MIT","https://github.com/rvagg/through2"
"through@2.3.8","MIT","https://github.com/dominictarr/through"
"thunkify@2.1.2","MIT","https://github.com/visionmedia/node-thunkify"
"thunky@1.1.0","MIT","https://github.com/mafintosh/thunky"
"timers-browserify@2.0.11","MIT","https://github.com/jryans/timers-browserify"
"timespan@2.3.0","MIT*","https://github.com/indexzero/TimeSpan.js"
"tmp@0.0.33","MIT","https://github.com/raszi/node-tmp"
"to-array@0.1.4","MIT","https://github.com/Raynos/to-array"
"to-arraybuffer@1.0.1","MIT","https://github.com/jhiesey/to-arraybuffer"
"to-fast-properties@1.0.3","MIT","https://github.com/sindresorhus/to-fast-properties"
"to-object-path@0.3.0","MIT","https://github.com/jonschlinkert/to-object-path"
"to-regex-range@2.1.1","MIT","https://github.com/micromatch/to-regex-range"
"to-regex@3.0.2","MIT","https://github.com/jonschlinkert/to-regex"
"toidentifier@1.0.0","MIT","https://github.com/component/toidentifier"
"toposort@1.0.7","MIT","https://github.com/marcelklehr/toposort"
"tough-cookie@2.3.3","BSD-3-Clause","https://github.com/salesforce/tough-cookie"
"tree-kill@1.2.1","MIT","https://github.com/pkrumins/node-tree-kill"
"trim-newlines@1.0.0","MIT","https://github.com/sindresorhus/trim-newlines"
"trim-right@1.0.1","MIT","https://github.com/sindresorhus/trim-right"
"true-case-path@1.0.3","Apache-2.0","https://github.com/barsh/true-case-path"
"ts-node@4.1.0","MIT","https://github.com/TypeStrong/ts-node"
"tsconfig@7.0.0","MIT","https://github.com/TypeStrong/tsconfig"
"tsickle@0.32.1","MIT","https://github.com/angular/tsickle"
"tslib@1.9.0","Apache-2.0","https://github.com/Microsoft/tslib"
"tslint@5.9.1","Apache-2.0","https://github.com/palantir/tslint"
"tsscmp@1.0.6","MIT","https://github.com/suryagh/tsscmp"
"tsutils@2.21.2","MIT","https://github.com/ajafff/tsutils"
"tty-browserify@0.0.0","MIT","https://github.com/substack/tty-browserify"
"tunnel-agent@0.6.0","Apache-2.0","https://github.com/mikeal/tunnel-agent"
"tweetnacl@0.14.5","Unlicense","https://github.com/dchest/tweetnacl-js"
"type-check@0.3.2","MIT","https://github.com/gkz/type-check"
"type-is@1.6.18","MIT","https://github.com/jshttp/type-is"
"typedarray@0.0.6","MIT","https://github.com/substack/typedarray"
"typescript@2.9.2","Apache-2.0","https://github.com/Microsoft/TypeScript"
"ua-parser-js@0.7.17","(GPL-2.0 OR MIT)","https://github.com/faisalman/ua-parser-js"
"uglify-js@3.6.9","BSD-2-Clause","https://github.com/mishoo/UglifyJS2"
"uglifyjs-webpack-plugin@1.3.0","MIT","https://github.com/webpack-contrib/uglifyjs-webpack-plugin"
"ultron@1.1.1","MIT","https://github.com/unshiftio/ultron"
"underscore@1.7.0","MIT","https://github.com/jashkenas/underscore"
"union-value@1.0.0","MIT","https://github.com/jonschlinkert/union-value"
"unique-filename@1.1.1","ISC","https://github.com/iarna/unique-filename"
"unique-slug@2.0.2","ISC","https://github.com/iarna/unique-slug"
"unpipe@1.0.0","MIT","https://github.com/stream-utils/unpipe"
"unset-value@1.0.0","MIT","https://github.com/jonschlinkert/unset-value"
"upath@1.0.5","MIT","https://github.com/anodynos/upath"
"upper-case@1.1.3","MIT","https://github.com/blakeembrey/upper-case"
"uri-js@3.0.2","BSD-2-Clause","https://github.com/garycourt/uri-js"
"urix@0.1.0","MIT","https://github.com/lydell/urix"
"url-loader@1.1.2","MIT","https://github.com/webpack-contrib/url-loader"
"url-parse@1.4.7","MIT","https://github.com/unshiftio/url-parse"
"url@0.11.0","MIT","https://github.com/defunctzombie/node-url"
"use@3.1.0","MIT","https://github.com/jonschlinkert/use"
"useragent@2.2.1","MIT","https://github.com/3rd-Eden/useragent"
"util-deprecate@1.0.2","MIT","https://github.com/TooTallNate/util-deprecate"
"util.promisify@1.0.0","MIT","https://github.com/ljharb/util.promisify"
"util@0.11.1","MIT","https://github.com/defunctzombie/node-util"
"utila@0.4.0","MIT","https://github.com/AriaMinaei/utila"
"utils-merge@1.0.1","MIT","https://github.com/jaredhanson/utils-merge"
"uuid@3.2.1","MIT","https://github.com/kelektiv/node-uuid"
"uws@9.14.0","Zlib","https://github.com/uWebSockets/uWebSockets"
"v8flags@3.0.1","MIT","https://github.com/tkellen/node-v8flags"
"validate-npm-package-license@3.0.4","Apache-2.0","https://github.com/kemitchell/validate-npm-package-license.js"
"validate-npm-package-name@3.0.0","ISC","https://github.com/npm/validate-npm-package-name"
"vary@1.1.2","MIT","https://github.com/jshttp/vary"
"vcf-viewer-app@0.0.0","UNLICENSED",""
"verror@1.10.0","MIT","https://github.com/davepacheco/node-verror"
"vm-browserify@1.1.2","MIT","https://github.com/substack/vm-browserify"
"void-elements@2.0.1","MIT","https://github.com/hemanth/void-elements"
"watchpack@1.6.0","MIT","https://github.com/webpack/watchpack"
"wbuf@1.7.3","MIT","https://github.com/indutny/wbuf"
"webdriver-js-extender@1.0.0","MIT","https://github.com/angular/webdriver-js-entender"
"webpack-core@0.6.9","MIT","https://github.com/webpack/core"
"webpack-dev-middleware@3.4.0","MIT","https://github.com/webpack/webpack-dev-middleware"
"webpack-dev-server@3.1.14","MIT","https://github.com/webpack/webpack-dev-server"
"webpack-log@2.0.0","MIT","https://github.com/webpack-contrib/webpack-log"
"webpack-merge@4.1.4","MIT","https://github.com/survivejs/webpack-merge"
"webpack-sources@1.3.0","MIT","https://github.com/webpack/webpack-sources"
"webpack-subresource-integrity@1.1.0-rc.4","MIT","https://github.com/waysact/webpack-subresource-integrity"
"webpack@4.16.4","MIT","https://github.com/webpack/webpack"
"websocket-driver@0.7.3","Apache-2.0","https://github.com/faye/websocket-driver-node"
"websocket-extensions@0.1.3","MIT","https://github.com/faye/websocket-extensions-node"
"whatwg-fetch@2.0.4","MIT","https://github.com/github/fetch"
"when@3.7.8","MIT","https://github.com/cujojs/when"
"which-module@1.0.0","ISC","https://github.com/nexdrew/which-module"
"which@1.3.1","ISC","https://github.com/isaacs/node-which"
"wide-align@1.1.3","ISC","https://github.com/iarna/wide-align"
"with-callback@1.0.2","MIT","https://github.com/dbrockman/with-callback"
"word-wrap@1.2.3","MIT","https://github.com/jonschlinkert/word-wrap"
"wordwrap@0.0.2","MIT*","https://github.com/substack/node-wordwrap"
"worker-farm@1.7.0","MIT","https://github.com/rvagg/node-worker-farm"
"wrap-ansi@2.1.0","MIT","https://github.com/chalk/wrap-ansi"
"wrappy@1.0.2","ISC","https://github.com/npm/wrappy"
"ws@3.3.3","MIT","https://github.com/websockets/ws"
"xml2js@0.4.19","MIT","https://github.com/Leonidas-from-XIV/node-xml2js"
"xmlbuilder@9.0.7","MIT","https://github.com/oozcitak/xmlbuilder-js"
"xmlhttprequest-ssl@1.5.5","MIT","https://github.com/mjwwit/node-XMLHttpRequest"
"xmlhttprequest@1.8.0","MIT","https://github.com/driverdan/node-XMLHttpRequest"
"xregexp@2.0.0","MIT","https://github.com/slevithan/XRegExp"
"xtend@4.0.1","MIT","https://github.com/Raynos/xtend"
"xxhashjs@0.2.2","MIT","https://github.com/pierrec/js-xxhash"
"y18n@4.0.0","ISC","https://github.com/yargs/y18n"
"yallist@2.1.2","ISC","https://github.com/isaacs/yallist"
"yargs-parser@10.1.0","ISC","https://github.com/yargs/yargs-parser"
"yargs@7.1.0","MIT","https://github.com/yargs/yargs"
"yeast@0.1.2","MIT","https://github.com/unshiftio/yeast"
"yn@2.0.0","MIT","https://github.com/sindresorhus/yn"
"zone.js@0.8.29","MIT","https://github.com/angular/zone.js"